Transaction Date,Description,Debit,Credit,Balance,Counterparty,Reference
2026-02-01,"PAYROLL - CAFE STAFF WAGES",10319.78,,74680.22,"GUSTO PAYROLL",TRX-0018
2026-02-02,"PAYROLL - CONTRACT BAKERS",3975.28,,70704.94,"GUSTO PAYROLL",TRX-0019
2026-02-03,"SYSCO FOODS - INGREDIENTS",3266.49,,67438.45,"SYSCO FOODS",TRX-0011
2026-02-03,"KORAMANGALA OFFICE RENT",3200.00,,64238.45,"SRI LAKSHMI PROPERTIES",TRX-0021
2026-02-04,"RAZORPAY PAYOUT - CARD SALES 2026-02",,4083.50,68321.95,"RAZORPAY PAYMENTS",TRX-0001
2026-02-05,"OFFICE PANTRY SUBSCRIPTION - MONTHLY RENEWAL",,1850.00,70171.95,"BEAN & BAKE SUBSCRIPTIONS",TRX-0010
2026-02-06,"METRO CASH & CARRY - GROCERY RUN",1663.93,,68508.02,"METRO WHOLESALE",TRX-0013
2026-02-06,"META ADS - PAID SOCIAL CAMPAIGN",900.00,,67608.02,"META PLATFORMS",TRX-0025
2026-02-06,"GOOGLE ADS - SEARCH CAMPAIGN",650.00,,66958.02,"GOOGLE",TRX-0026
2026-02-07,"CASH DEPOSIT - COUNTER TILL",,3077.55,70035.57,"SELF - BRANCH CASH",TRX-0007
2026-02-08,"BLUE TOKAI COFFEE ROASTERS",1380.10,,68655.47,"BLUE TOKAI",TRX-0014
2026-02-09,"RAZORPAY PAYOUT - CARD SALES 2026-02",,7035.21,75690.68,"RAZORPAY PAYMENTS",TRX-0002
2026-02-09,"BESCOM ELECTRICITY BILL",528.91,,75161.77,"BESCOM",TRX-0022
2026-02-09,"BWSSB WATER BILL",250.60,,74911.17,"BWSSB",TRX-0023
2026-02-10,"STAFF MEALS & BENEFITS",814.49,,74096.68,"GUSTO PAYROLL",TRX-0020
2026-02-11,"INVOICE PAYMENT - CRED HQ",,5032.01,79128.69,"CRED HQ",TRX-0009
2026-02-12,"ECOBOX PACKAGING SUPPLIES",773.90,,78354.79,"ECOBOX",TRX-0015
2026-02-12,"LOAN DISBURSEMENT - HDFC TERM LOAN",,15000.00,93354.79,"HDFC BANK",TRX-0034
2026-02-13,"AMAZON WEB SERVICES",337.42,,93017.37,"AMAZON WEB SERVICES",TRX-0028
2026-02-13,"TOAST POS SUBSCRIPTION",199.00,,92818.37,"TOAST INC",TRX-0029
2026-02-14,"RAZORPAY PAYOUT - CARD SALES 2026-02",,6680.41,99498.78,"RAZORPAY PAYMENTS",TRX-0003
2026-02-14,"HP GAS CYLINDER SUPPLY",284.41,,99214.37,"HP GAS",TRX-0024
2026-02-15,"UBER EATS COMMISSION",1081.41,,98132.96,"UBER EATS",TRX-0016
2026-02-16,"COMMERCIAL LIABILITY INSURANCE",480.00,,97652.96,"HDFC ERGO",TRX-0030
2026-02-17,"SYSCO FOODS - INGREDIENTS",2564.01,,95088.95,"SYSCO FOODS",TRX-0012
2026-02-18,"RAZORPAY PAYOUT - CARD SALES 2026-02",,5208.02,100296.97,"RAZORPAY PAYMENTS",TRX-0004
2026-02-18,"UBER FOR BUSINESS - DELIVERIES",258.84,,100038.13,"UBER",TRX-0031
2026-02-20,"INSTAGRAM PROMO - REELS BOOST",300.12,,99738.01,"META PLATFORMS",TRX-0027
2026-02-20,"GST PAYMENT - KARNATAKA GOVT",3926.41,,95811.60,"GST NETWORK",TRX-0037
2026-02-21,"CASH DEPOSIT - COUNTER TILL",,3151.97,98963.57,"SELF - BRANCH CASH",TRX-0008
2026-02-22,"OFFICE SUPPLIES - AMAZON",186.36,,98777.21,"AMAZON",TRX-0032
2026-02-23,"RAZORPAY PAYOUT - CARD SALES 2026-02",,4284.40,103061.61,"RAZORPAY PAYMENTS",TRX-0005
2026-02-24,"PAYMENT TO M/S KRISHNA SUPPLIERS",1950.00,,101111.61,"M/S KRISHNA SUPPLIERS",TRX-0038
2026-02-25,"TRANSFER TO HDFC SAVINGS",4000.00,,97111.61,"SELF - HDFC SAVINGS",TRX-0035
2026-02-26,"SWIGGY COMMISSION",1193.03,,95918.58,"SWIGGY",TRX-0017
2026-02-27,"RAZORPAY PAYOUT - CARD SALES 2026-02",,4669.13,100587.71,"RAZORPAY PAYMENTS",TRX-0006
2026-02-27,"OWNER DRAWING - JEEVA",2428.77,,98158.94,"JEEVA K",TRX-0036
2026-02-28,"BANK SERVICE CHARGES",55.74,,98103.20,"HDFC BANK",TRX-0033
2026-03-01,"PAYROLL - CAFE STAFF WAGES",9660.34,,88442.86,"GUSTO PAYROLL",TRX-0058
2026-03-02,"PAYROLL - CONTRACT BAKERS",4377.53,,84065.33,"GUSTO PAYROLL",TRX-0059
2026-03-03,"SYSCO FOODS - INGREDIENTS",3498.09,,80567.24,"SYSCO FOODS",TRX-0049
2026-03-03,"KORAMANGALA OFFICE RENT",3200.00,,77367.24,"SRI LAKSHMI PROPERTIES",TRX-0061
2026-03-04,"RAZORPAY PAYOUT - CARD SALES 2026-03",,5975.43,83342.67,"RAZORPAY PAYMENTS",TRX-0039
2026-03-05,"OFFICE PANTRY SUBSCRIPTION - MONTHLY RENEWAL",,1850.00,85192.67,"BEAN & BAKE SUBSCRIPTIONS",TRX-0048
2026-03-06,"METRO CASH & CARRY - GROCERY RUN",1560.91,,83631.76,"METRO WHOLESALE",TRX-0051
2026-03-06,"META ADS - PAID SOCIAL CAMPAIGN",3200.00,,80431.76,"META PLATFORMS",TRX-0065
2026-03-06,"GOOGLE ADS - SEARCH CAMPAIGN",2400.00,,78031.76,"GOOGLE",TRX-0066
2026-03-07,"CASH DEPOSIT - COUNTER TILL",,4342.16,82373.92,"SELF - BRANCH CASH",TRX-0045
2026-03-08,"BLUE TOKAI COFFEE ROASTERS",1455.73,,80918.19,"BLUE TOKAI",TRX-0053
2026-03-08,"META ADS - PAID SOCIAL CAMPAIGN",3200.00,,77718.19,"META PLATFORMS",TRX-0078
2026-03-09,"RAZORPAY PAYOUT - CARD SALES 2026-03",,5315.74,83033.93,"RAZORPAY PAYMENTS",TRX-0040
2026-03-09,"BESCOM ELECTRICITY BILL",628.92,,82405.01,"BESCOM",TRX-0062
2026-03-09,"BWSSB WATER BILL",183.11,,82221.90,"BWSSB",TRX-0063
2026-03-10,"STAFF MEALS & BENEFITS",797.82,,81424.08,"GUSTO PAYROLL",TRX-0060
2026-03-10,"META ADS - PAID SOCIAL CAMPAIGN",3200.00,,78224.08,"META PLATFORMS",TRX-0079
2026-03-11,"INVOICE PAYMENT - SWIGGY OFFICE CAFE",,3071.64,81295.72,"SWIGGY OFFICE CAFE",TRX-0047
2026-03-12,"ECOBOX PACKAGING SUPPLIES",706.56,,80589.16,"ECOBOX",TRX-0055
2026-03-13,"AMAZON WEB SERVICES",464.89,,80124.27,"AMAZON WEB SERVICES",TRX-0068
2026-03-13,"TOAST POS SUBSCRIPTION",199.00,,79925.27,"TOAST INC",TRX-0069
2026-03-14,"RAZORPAY PAYOUT - CARD SALES 2026-03",,5503.87,85429.14,"RAZORPAY PAYMENTS",TRX-0041
2026-03-14,"HP GAS CYLINDER SUPPLY",304.14,,85125.00,"HP GAS",TRX-0064
2026-03-15,"UBER EATS COMMISSION",1042.48,,84082.52,"UBER EATS",TRX-0056
2026-03-15,"LOAN EMI - HDFC BUSINESS LOAN",1450.00,,82632.52,"HDFC BANK",TRX-0074
2026-03-16,"COMMERCIAL LIABILITY INSURANCE",480.00,,82152.52,"HDFC ERGO",TRX-0070
2026-03-17,"SYSCO FOODS - INGREDIENTS",3717.10,,78435.42,"SYSCO FOODS",TRX-0050
2026-03-18,"RAZORPAY PAYOUT - CARD SALES 2026-03",,5538.97,83974.39,"RAZORPAY PAYMENTS",TRX-0042
2026-03-18,"UBER FOR BUSINESS - DELIVERIES",291.46,,83682.93,"UBER",TRX-0071
2026-03-19,"METRO CASH & CARRY - GROCERY RUN",1465.20,,82217.73,"METRO WHOLESALE",TRX-0052
2026-03-20,"INSTAGRAM PROMO - REELS BOOST",320.12,,81897.61,"META PLATFORMS",TRX-0067
2026-03-20,"GST PAYMENT - KARNATAKA GOVT",3535.82,,78361.79,"GST NETWORK",TRX-0077
2026-03-21,"CASH DEPOSIT - COUNTER TILL",,3107.98,81469.77,"SELF - BRANCH CASH",TRX-0046
2026-03-22,"OFFICE SUPPLIES - AMAZON",238.53,,81231.24,"AMAZON",TRX-0072
2026-03-23,"RAZORPAY PAYOUT - CARD SALES 2026-03",,8286.07,89517.31,"RAZORPAY PAYMENTS",TRX-0043
2026-03-24,"BLUE TOKAI COFFEE ROASTERS",1339.36,,88177.95,"BLUE TOKAI",TRX-0054
2026-03-25,"TRANSFER TO HDFC SAVINGS",4000.00,,84177.95,"SELF - HDFC SAVINGS",TRX-0075
2026-03-26,"SWIGGY COMMISSION",823.93,,83354.02,"SWIGGY",TRX-0057
2026-03-27,"RAZORPAY PAYOUT - CARD SALES 2026-03",,8062.17,91416.19,"RAZORPAY PAYMENTS",TRX-0044
2026-03-27,"OWNER DRAWING - JEEVA",2345.55,,89070.64,"JEEVA K",TRX-0076
2026-03-28,"BANK SERVICE CHARGES",71.92,,88998.72,"HDFC BANK",TRX-0073
2026-04-01,"PAYROLL - CAFE STAFF WAGES",12736.84,,77537.38,"GUSTO PAYROLL",TRX-0098
2026-04-02,"PAYROLL - CONTRACT BAKERS",4255.86,,72006.02,"GUSTO PAYROLL",TRX-0099
2026-04-03,"SYSCO FOODS - INGREDIENTS",3199.70,,68806.32,"SYSCO FOODS",TRX-0091
2026-04-03,"KORAMANGALA OFFICE RENT",3200.00,,65606.32,"SRI LAKSHMI PROPERTIES",TRX-0101
2026-04-04,"RAZORPAY PAYOUT - CARD SALES 2026-04",,7196.73,72803.05,"RAZORPAY PAYMENTS",TRX-0080
2026-04-05,"OFFICE PANTRY SUBSCRIPTION - MONTHLY RENEWAL",,1850.00,74653.05,"BEAN & BAKE SUBSCRIPTIONS",TRX-0090
2026-04-06,"METRO CASH & CARRY - GROCERY RUN",1562.28,,73090.77,"METRO WHOLESALE",TRX-0093
2026-04-06,"META ADS - PAID SOCIAL CAMPAIGN",1400.00,,71690.77,"META PLATFORMS",TRX-0105
2026-04-06,"GOOGLE ADS - SEARCH CAMPAIGN",800.00,,70890.77,"GOOGLE",TRX-0106
2026-04-07,"CASH DEPOSIT - COUNTER TILL",,4368.60,75259.37,"SELF - BRANCH CASH",TRX-0086
2026-04-08,"BLUE TOKAI COFFEE ROASTERS",1401.67,,73857.70,"BLUE TOKAI",TRX-0094
2026-04-09,"RAZORPAY PAYOUT - CARD SALES 2026-04",,7430.58,81288.28,"RAZORPAY PAYMENTS",TRX-0081
2026-04-09,"BESCOM ELECTRICITY BILL",639.84,,80648.44,"BESCOM",TRX-0102
2026-04-09,"BWSSB WATER BILL",245.82,,80402.62,"BWSSB",TRX-0103
2026-04-10,"STAFF MEALS & BENEFITS",902.23,,79500.39,"GUSTO PAYROLL",TRX-0100
2026-04-11,"INVOICE PAYMENT - MICHELIN INDIA",,7114.14,86614.53,"MICHELIN INDIA",TRX-0088
2026-04-11,"UPI//P2A/8837291/KKRNM",750.00,,85864.53,"UPI P2A",TRX-0119
2026-04-12,"ECOBOX PACKAGING SUPPLIES",620.93,,85243.60,"ECOBOX",TRX-0095
2026-04-13,"AMAZON WEB SERVICES",450.14,,84793.46,"AMAZON WEB SERVICES",TRX-0108
2026-04-13,"TOAST POS SUBSCRIPTION",199.00,,84594.46,"TOAST INC",TRX-0109
2026-04-14,"RAZORPAY PAYOUT - CARD SALES 2026-04",,4770.58,89365.04,"RAZORPAY PAYMENTS",TRX-0082
2026-04-14,"HP GAS CYLINDER SUPPLY",306.09,,89058.95,"HP GAS",TRX-0104
2026-04-15,"UBER EATS COMMISSION",1477.88,,87581.07,"UBER EATS",TRX-0096
2026-04-15,"LOAN EMI - HDFC BUSINESS LOAN",1450.00,,86131.07,"HDFC BANK",TRX-0114
2026-04-16,"INVOICE PAYMENT - INFOSYS CAMPUS PANTRY",,6930.62,93061.69,"INFOSYS CAMPUS PANTRY",TRX-0089
2026-04-16,"COMMERCIAL LIABILITY INSURANCE",480.00,,92581.69,"HDFC ERGO",TRX-0110
2026-04-17,"SYSCO FOODS - INGREDIENTS",2879.00,,89702.69,"SYSCO FOODS",TRX-0092
2026-04-18,"RAZORPAY PAYOUT - CARD SALES 2026-04",,6562.96,96265.65,"RAZORPAY PAYMENTS",TRX-0083
2026-04-18,"UBER FOR BUSINESS - DELIVERIES",276.82,,95988.83,"UBER",TRX-0111
2026-04-20,"INSTAGRAM PROMO - REELS BOOST",439.55,,95549.28,"META PLATFORMS",TRX-0107
2026-04-20,"GST PAYMENT - KARNATAKA GOVT",3272.70,,92276.58,"GST NETWORK",TRX-0117
2026-04-21,"CASH DEPOSIT - COUNTER TILL",,3309.03,95585.61,"SELF - BRANCH CASH",TRX-0087
2026-04-22,"OFFICE SUPPLIES - AMAZON",320.45,,95265.16,"AMAZON",TRX-0112
2026-04-23,"RAZORPAY PAYOUT - CARD SALES 2026-04",,7635.83,102900.99,"RAZORPAY PAYMENTS",TRX-0084
2026-04-23,"FIXED DEPOSIT - HDFC FD 7182",10000.00,,92900.99,"HDFC BANK",TRX-0118
2026-04-25,"TRANSFER TO HDFC SAVINGS",4000.00,,88900.99,"SELF - HDFC SAVINGS",TRX-0115
2026-04-26,"SWIGGY COMMISSION",929.95,,87971.04,"SWIGGY",TRX-0097
2026-04-27,"RAZORPAY PAYOUT - CARD SALES 2026-04",,6371.34,94342.38,"RAZORPAY PAYMENTS",TRX-0085
2026-04-27,"OWNER DRAWING - JEEVA",3216.85,,91125.53,"JEEVA K",TRX-0116
2026-04-28,"BANK SERVICE CHARGES",84.03,,91041.50,"HDFC BANK",TRX-0113
2026-05-01,"PAYROLL - CAFE STAFF WAGES",12824.03,,78217.47,"GUSTO PAYROLL",TRX-0141
2026-05-02,"PAYROLL - CONTRACT BAKERS",3866.97,,74350.50,"GUSTO PAYROLL",TRX-0142
2026-05-03,"SYSCO FOODS - INGREDIENTS",3987.69,,70362.81,"SYSCO FOODS",TRX-0132
2026-05-03,"KORAMANGALA OFFICE RENT",3200.00,,67162.81,"SRI LAKSHMI PROPERTIES",TRX-0144
2026-05-04,"RAZORPAY PAYOUT - CARD SALES 2026-05",,8128.83,75291.64,"RAZORPAY PAYMENTS",TRX-0120
2026-05-05,"OFFICE PANTRY SUBSCRIPTION - MONTHLY RENEWAL",,1850.00,77141.64,"BEAN & BAKE SUBSCRIPTIONS",TRX-0131
2026-05-06,"METRO CASH & CARRY - GROCERY RUN",2343.30,,74798.34,"METRO WHOLESALE",TRX-0134
2026-05-06,"META ADS - PAID SOCIAL CAMPAIGN",950.00,,73848.34,"META PLATFORMS",TRX-0148
2026-05-06,"GOOGLE ADS - SEARCH CAMPAIGN",750.00,,73098.34,"GOOGLE",TRX-0149
2026-05-07,"CASH DEPOSIT - COUNTER TILL",,4928.73,78027.07,"SELF - BRANCH CASH",TRX-0126
2026-05-08,"BLUE TOKAI COFFEE ROASTERS",1892.87,,76134.20,"BLUE TOKAI",TRX-0136
2026-05-09,"RAZORPAY PAYOUT - CARD SALES 2026-05",,9756.09,85890.29,"RAZORPAY PAYMENTS",TRX-0121
2026-05-09,"BESCOM ELECTRICITY BILL",657.86,,85232.43,"BESCOM",TRX-0145
2026-05-09,"BWSSB WATER BILL",214.06,,85018.37,"BWSSB",TRX-0146
2026-05-10,"STAFF MEALS & BENEFITS",727.35,,84291.02,"GUSTO PAYROLL",TRX-0143
2026-05-11,"INVOICE PAYMENT - INFOSYS CAMPUS PANTRY",,3849.18,88140.20,"INFOSYS CAMPUS PANTRY",TRX-0128
2026-05-12,"ECOBOX PACKAGING SUPPLIES",629.67,,87510.53,"ECOBOX",TRX-0138
2026-05-13,"AMAZON WEB SERVICES",351.50,,87159.03,"AMAZON WEB SERVICES",TRX-0151
2026-05-13,"TOAST POS SUBSCRIPTION",199.00,,86960.03,"TOAST INC",TRX-0152
2026-05-14,"RAZORPAY PAYOUT - CARD SALES 2026-05",,9535.91,96495.94,"RAZORPAY PAYMENTS",TRX-0122
2026-05-14,"HP GAS CYLINDER SUPPLY",223.81,,96272.13,"HP GAS",TRX-0147
2026-05-15,"UBER EATS COMMISSION",1569.75,,94702.38,"UBER EATS",TRX-0139
2026-05-15,"LOAN EMI - HDFC BUSINESS LOAN",1450.00,,93252.38,"HDFC BANK",TRX-0157
2026-05-16,"INVOICE PAYMENT - WIPRO FOODS INC",,7293.02,100545.40,"WIPRO FOODS INC",TRX-0129
2026-05-16,"COMMERCIAL LIABILITY INSURANCE",480.00,,100065.40,"HDFC ERGO",TRX-0153
2026-05-17,"SYSCO FOODS - INGREDIENTS",3945.08,,96120.32,"SYSCO FOODS",TRX-0133
2026-05-18,"RAZORPAY PAYOUT - CARD SALES 2026-05",,8140.19,104260.51,"RAZORPAY PAYMENTS",TRX-0123
2026-05-18,"UBER FOR BUSINESS - DELIVERIES",403.43,,103857.08,"UBER",TRX-0154
2026-05-19,"METRO CASH & CARRY - GROCERY RUN",1676.96,,102180.12,"METRO WHOLESALE",TRX-0135
2026-05-19,"PURCHASE - COMMERCIAL OVEN - FALCON BAKERY EQUIPMENT",8400.00,,93780.12,"FALCON BAKERY EQUIPMENT",TRX-0161
2026-05-20,"INSTAGRAM PROMO - REELS BOOST",386.83,,93393.29,"META PLATFORMS",TRX-0150
2026-05-20,"GST PAYMENT - KARNATAKA GOVT",3075.81,,90317.48,"GST NETWORK",TRX-0160
2026-05-21,"CASH DEPOSIT - COUNTER TILL",,4711.16,95028.64,"SELF - BRANCH CASH",TRX-0127
2026-05-21,"INVOICE PAYMENT - CRED HQ",,5003.30,100031.94,"CRED HQ",TRX-0130
2026-05-21,"CONSULTING FEE - GROWTH PARTNERS",5000.00,,95031.94,"GROWTH PARTNERS LLP",TRX-0162
2026-05-22,"OFFICE SUPPLIES - AMAZON",158.68,,94873.26,"AMAZON",TRX-0155
2026-05-23,"RAZORPAY PAYOUT - CARD SALES 2026-05",,7200.50,102073.76,"RAZORPAY PAYMENTS",TRX-0124
2026-05-24,"BLUE TOKAI COFFEE ROASTERS",1169.82,,100903.94,"BLUE TOKAI",TRX-0137
2026-05-25,"TRANSFER TO HDFC SAVINGS",4000.00,,96903.94,"SELF - HDFC SAVINGS",TRX-0158
2026-05-26,"SWIGGY COMMISSION",1159.88,,95744.06,"SWIGGY",TRX-0140
2026-05-27,"RAZORPAY PAYOUT - CARD SALES 2026-05",,9418.86,105162.92,"RAZORPAY PAYMENTS",TRX-0125
2026-05-27,"OWNER DRAWING - JEEVA",2467.33,,102695.59,"JEEVA K",TRX-0159
2026-05-28,"BANK SERVICE CHARGES",53.74,,102641.85,"HDFC BANK",TRX-0156
2026-06-01,"PAYROLL - CAFE STAFF WAGES",12691.98,,89949.87,"GUSTO PAYROLL",TRX-0182
2026-06-02,"PAYROLL - CONTRACT BAKERS",3721.76,,86228.11,"GUSTO PAYROLL",TRX-0183
2026-06-03,"SYSCO FOODS - INGREDIENTS",2975.72,,83252.39,"SYSCO FOODS",TRX-0175
2026-06-03,"KORAMANGALA OFFICE RENT",3200.00,,80052.39,"SRI LAKSHMI PROPERTIES",TRX-0185
2026-06-04,"RAZORPAY PAYOUT - CARD SALES 2026-06",,10095.26,90147.65,"RAZORPAY PAYMENTS",TRX-0163
2026-06-05,"OFFICE PANTRY SUBSCRIPTION - MONTHLY RENEWAL",,1850.00,91997.65,"BEAN & BAKE SUBSCRIPTIONS",TRX-0174
2026-06-06,"METRO CASH & CARRY - GROCERY RUN",1651.94,,90345.71,"METRO WHOLESALE",TRX-0177
2026-06-06,"META ADS - PAID SOCIAL CAMPAIGN",1050.00,,89295.71,"META PLATFORMS",TRX-0189
2026-06-06,"GOOGLE ADS - SEARCH CAMPAIGN",850.00,,88445.71,"GOOGLE",TRX-0190
2026-06-07,"CASH DEPOSIT - COUNTER TILL",,4447.94,92893.65,"SELF - BRANCH CASH",TRX-0169
2026-06-08,"BLUE TOKAI COFFEE ROASTERS",1535.83,,91357.82,"BLUE TOKAI",TRX-0178
2026-06-09,"RAZORPAY PAYOUT - CARD SALES 2026-06",,5821.72,97179.54,"RAZORPAY PAYMENTS",TRX-0164
2026-06-09,"BESCOM ELECTRICITY BILL",489.74,,96689.80,"BESCOM",TRX-0186
2026-06-09,"BWSSB WATER BILL",208.81,,96480.99,"BWSSB",TRX-0187
2026-06-10,"STAFF MEALS & BENEFITS",789.59,,95691.40,"GUSTO PAYROLL",TRX-0184
2026-06-11,"INVOICE PAYMENT - WIPRO FOODS INC",,5291.03,100982.43,"WIPRO FOODS INC",TRX-0171
2026-06-12,"ECOBOX PACKAGING SUPPLIES",681.52,,100300.91,"ECOBOX",TRX-0179
2026-06-13,"AMAZON WEB SERVICES",393.48,,99907.43,"AMAZON WEB SERVICES",TRX-0192
2026-06-13,"TOAST POS SUBSCRIPTION",199.00,,99708.43,"TOAST INC",TRX-0193
2026-06-14,"RAZORPAY PAYOUT - CARD SALES 2026-06",,10340.00,110048.43,"RAZORPAY PAYMENTS",TRX-0165
2026-06-14,"HP GAS CYLINDER SUPPLY",241.63,,109806.80,"HP GAS",TRX-0188
2026-06-15,"UBER EATS COMMISSION",1102.55,,108704.25,"UBER EATS",TRX-0180
2026-06-15,"LOAN EMI - HDFC BUSINESS LOAN",1450.00,,107254.25,"HDFC BANK",TRX-0198
2026-06-16,"INVOICE PAYMENT - CRED HQ",,8157.73,115411.98,"CRED HQ",TRX-0172
2026-06-16,"COMMERCIAL LIABILITY INSURANCE",480.00,,114931.98,"HDFC ERGO",TRX-0194
2026-06-16,"AUDIT & BOOKKEEPING - CA RAMESH",2100.00,,112831.98,"CA RAMESH & ASSOCIATES",TRX-0202
2026-06-17,"SYSCO FOODS - INGREDIENTS",3676.17,,109155.81,"SYSCO FOODS",TRX-0176
2026-06-18,"RAZORPAY PAYOUT - CARD SALES 2026-06",,6690.98,115846.79,"RAZORPAY PAYMENTS",TRX-0166
2026-06-18,"UBER FOR BUSINESS - DELIVERIES",253.68,,115593.11,"UBER",TRX-0195
2026-06-20,"INSTAGRAM PROMO - REELS BOOST",425.56,,115167.55,"META PLATFORMS",TRX-0191
2026-06-20,"GST PAYMENT - KARNATAKA GOVT",3842.79,,111324.76,"GST NETWORK",TRX-0201
2026-06-21,"CASH DEPOSIT - COUNTER TILL",,4592.64,115917.40,"SELF - BRANCH CASH",TRX-0170
2026-06-21,"INVOICE PAYMENT - SWIGGY OFFICE CAFE",,6595.26,122512.66,"SWIGGY OFFICE CAFE",TRX-0173
2026-06-22,"OFFICE SUPPLIES - AMAZON",252.76,,122259.90,"AMAZON",TRX-0196
2026-06-23,"RAZORPAY PAYOUT - CARD SALES 2026-06",,5594.50,127854.40,"RAZORPAY PAYMENTS",TRX-0167
2026-06-24,"AMAZON - MIXED ORDER",1240.00,,126614.40,"AMAZON",TRX-0203
2026-06-25,"TRANSFER TO HDFC SAVINGS",4000.00,,122614.40,"SELF - HDFC SAVINGS",TRX-0199
2026-06-26,"SWIGGY COMMISSION",1244.78,,121369.62,"SWIGGY",TRX-0181
2026-06-27,"RAZORPAY PAYOUT - CARD SALES 2026-06",,7705.36,129074.98,"RAZORPAY PAYMENTS",TRX-0168
2026-06-27,"OWNER DRAWING - JEEVA",2148.49,,126926.49,"JEEVA K",TRX-0200
2026-06-28,"BANK SERVICE CHARGES",60.15,,126866.34,"HDFC BANK",TRX-0197
2026-06-28,"EQUIPMENT SERVICE - UNCLEAR VENDOR",860.00,,126006.34,"VENDOR REF 8821",TRX-0204
2026-07-01,"PAYROLL - CAFE STAFF WAGES",12710.74,,113295.60,"GUSTO PAYROLL",TRX-0226
2026-07-02,"PAYROLL - CONTRACT BAKERS",4388.63,,108906.97,"GUSTO PAYROLL",TRX-0227
2026-07-03,"SYSCO FOODS - INGREDIENTS",3913.14,,104993.83,"SYSCO FOODS",TRX-0217
2026-07-03,"KORAMANGALA OFFICE RENT",3200.00,,101793.83,"SRI LAKSHMI PROPERTIES",TRX-0229
2026-07-04,"RAZORPAY PAYOUT - CARD SALES 2026-07",,5820.65,107614.48,"RAZORPAY PAYMENTS",TRX-0205
2026-07-05,"OFFICE PANTRY SUBSCRIPTION - MONTHLY RENEWAL",,1850.00,109464.48,"BEAN & BAKE SUBSCRIPTIONS",TRX-0216
2026-07-06,"METRO CASH & CARRY - GROCERY RUN",1759.91,,107704.57,"METRO WHOLESALE",TRX-0219
2026-07-06,"META ADS - PAID SOCIAL CAMPAIGN",1000.00,,106704.57,"META PLATFORMS",TRX-0233
2026-07-06,"GOOGLE ADS - SEARCH CAMPAIGN",800.00,,105904.57,"GOOGLE",TRX-0234
2026-07-07,"CASH DEPOSIT - COUNTER TILL",,3796.42,109700.99,"SELF - BRANCH CASH",TRX-0211
2026-07-08,"BLUE TOKAI COFFEE ROASTERS",1276.36,,108424.63,"BLUE TOKAI",TRX-0221
2026-07-09,"RAZORPAY PAYOUT - CARD SALES 2026-07",,7174.59,115599.22,"RAZORPAY PAYMENTS",TRX-0206
2026-07-09,"BESCOM ELECTRICITY BILL",539.61,,115059.61,"BESCOM",TRX-0230
2026-07-09,"BWSSB WATER BILL",250.54,,114809.07,"BWSSB",TRX-0231
2026-07-10,"STAFF MEALS & BENEFITS",563.64,,114245.43,"GUSTO PAYROLL",TRX-0228
2026-07-11,"INVOICE PAYMENT - CRED HQ",,7275.21,121520.64,"CRED HQ",TRX-0213
2026-07-12,"ECOBOX PACKAGING SUPPLIES",827.65,,120692.99,"ECOBOX",TRX-0223
2026-07-13,"AMAZON WEB SERVICES",430.87,,120262.12,"AMAZON WEB SERVICES",TRX-0236
2026-07-13,"TOAST POS SUBSCRIPTION",199.00,,120063.12,"TOAST INC",TRX-0237
2026-07-14,"RAZORPAY PAYOUT - CARD SALES 2026-07",,9406.78,129469.90,"RAZORPAY PAYMENTS",TRX-0207
2026-07-14,"HP GAS CYLINDER SUPPLY",233.16,,129236.74,"HP GAS",TRX-0232
2026-07-14,"OVEN REPAIR - SERVICE CALL",640.00,,128596.74,"FALCON SERVICE",TRX-0246
2026-07-15,"UBER EATS COMMISSION",1312.74,,127284.00,"UBER EATS",TRX-0224
2026-07-15,"LOAN EMI - HDFC BUSINESS LOAN",1450.00,,125834.00,"HDFC BANK",TRX-0242
2026-07-16,"INVOICE PAYMENT - SWIGGY OFFICE CAFE",,6772.49,132606.49,"SWIGGY OFFICE CAFE",TRX-0214
2026-07-16,"COMMERCIAL LIABILITY INSURANCE",480.00,,132126.49,"HDFC ERGO",TRX-0238
2026-07-17,"SYSCO FOODS - INGREDIENTS",2569.51,,129556.98,"SYSCO FOODS",TRX-0218
2026-07-18,"RAZORPAY PAYOUT - CARD SALES 2026-07",,9682.78,139239.76,"RAZORPAY PAYMENTS",TRX-0208
2026-07-18,"UBER FOR BUSINESS - DELIVERIES",302.28,,138937.48,"UBER",TRX-0239
2026-07-19,"METRO CASH & CARRY - GROCERY RUN",1456.37,,137481.11,"METRO WHOLESALE",TRX-0220
2026-07-20,"INSTAGRAM PROMO - REELS BOOST",440.27,,137040.84,"META PLATFORMS",TRX-0235
2026-07-20,"GST PAYMENT - KARNATAKA GOVT",4286.25,,132754.59,"GST NETWORK",TRX-0245
2026-07-21,"CASH DEPOSIT - COUNTER TILL",,4270.76,137025.35,"SELF - BRANCH CASH",TRX-0212
2026-07-21,"INVOICE PAYMENT - MICHELIN INDIA",,7498.31,144523.66,"MICHELIN INDIA",TRX-0215
2026-07-22,"OFFICE SUPPLIES - AMAZON",246.34,,144277.32,"AMAZON",TRX-0240
2026-07-22,"UNKNOWN ACH CREDIT - REMITTANCE",,2500.00,146777.32,"SENDER NOT IDENTIFIED",TRX-0247
2026-07-23,"RAZORPAY PAYOUT - CARD SALES 2026-07",,9250.00,156027.32,"RAZORPAY PAYMENTS",TRX-0209
2026-07-24,"BLUE TOKAI COFFEE ROASTERS",1236.59,,154790.73,"BLUE TOKAI",TRX-0222
2026-07-25,"TRANSFER TO HDFC SAVINGS",4000.00,,150790.73,"SELF - HDFC SAVINGS",TRX-0243
2026-07-26,"SWIGGY COMMISSION",1340.66,,149450.07,"SWIGGY",TRX-0225
2026-07-27,"RAZORPAY PAYOUT - CARD SALES 2026-07",,5490.36,154940.43,"RAZORPAY PAYMENTS",TRX-0210
2026-07-27,"OWNER DRAWING - JEEVA",2952.31,,151988.12,"JEEVA K",TRX-0244
2026-07-28,"BANK SERVICE CHARGES",45.82,,151942.30,"HDFC BANK",TRX-0241